task,tool,scenario,status,median_seconds,timings_seconds,note
resistance_distance,JAXScape,synthetic_resistance,ok,0.0003030769998986216,"[0.0004226610001296649, 0.0003030769998986216, 0.00027077699996880256]",
resistance_distance,Circuitscape.jl,synthetic_resistance,ok,0.001803705,"[0.002040659, 0.001803705, 0.001524403]",
resistance_distance,Conefor,synthetic_resistance,skipped,,[],Set CONEFOR_BIN to enable the Conefor adapter.
least_cost_path,JAXScape,synthetic_lcp,ok,0.00016749399992477265,"[0.00019460400017123902, 0.00014579300000150397, 0.00016749399992477265]",
least_cost_path,Conefor,synthetic_lcp,skipped,,[],Set CONEFOR_BIN to enable the Conefor adapter.
sensitivity_analysis,JAXScape,synthetic_sensitivity,ok,9.337500000583532e-05,"[0.0001489889998538274, 9.337500000583532e-05, 8.744400020077592e-05]",
sensitivity_analysis,samc,synthetic_sensitivity,skipped,,[],Rscript is not installed in this environment.
inverse_landscape_genetics,JAXScape + Optimistix,synthetic_inverse,ok,0.0040873890000057145,"[0.004595801000050415, 0.0040873890000057145, 0.004003643000032753]",
inverse_landscape_genetics,ResistanceGA,synthetic_inverse,skipped,,[],Rscript is not installed in this environment.
